Data,Czas wykonania,Kurs funta
2020-08-20 21:51:15.435894,348,4.8699721646
